{
  "animation_count": 0,
  "armature_count": 0,
  "edge_count": 1451,
  "file_size": 48584,
  "lamp_count": 1,
  "lights": {
    "bottom_light": {
      "energy": 2.0,
      "rotation": [
        3.141590118408203,
        0.0,
        0.0
      ],
      "type": "SUN"
    },
    "fill_light": {
      "energy": 3.0,
      "rotation": [
        0.785398006439209,
        0.0,
        2.3561899662017822
      ],
      "type": "SUN"
    },
    "key_light": {
      "energy": 4.0,
      "rotation": [
        0.785398006439209,
        0.0,
        -0.785398006439209
      ],
      "type": "SUN"
    },
    "rim_light": {
      "energy": 4.0,
      "rotation": [
        -0.785398006439209,
        0.0,
        -3.926990032196045
      ],
      "type": "SUN"
    }
  },
  "linked_files": [],
  "material_count": 0,
  "mesh_count": 1,
  "missing_textures": {
    "count": 0,
    "file_path_to_color": {},
    "files": []
  },
  "object_count": 4,
  "poly_count": 966,
  "random_color": [
    0.8677105550077765,
    0.13925747846322667,
    0.9762878461976657,
    1
  ],
  "scene_size": {
    "bbox_max": [
      0.6546743512153625,
      0.45453763008117676,
      0.15593892335891724
    ],
    "bbox_min": [
      -0.020437896251678467,
      -0.03841491416096687,
      -0.13356833159923553
    ]
  },
  "shape_key_count": 0,
  "vert_count": 492
}