{
  "animation_count": 0,
  "armature_count": 0,
  "edge_count": 498,
  "file_size": 32156,
  "lamp_count": 1,
  "lights": {
    "bottom_light": {
      "energy": 2.0,
      "rotation": [
        3.141590118408203,
        0.0,
        0.0
      ],
      "type": "SUN"
    },
    "fill_light": {
      "energy": 3.0,
      "rotation": [
        0.785398006439209,
        0.0,
        2.3561899662017822
      ],
      "type": "SUN"
    },
    "key_light": {
      "energy": 4.0,
      "rotation": [
        0.785398006439209,
        0.0,
        -0.785398006439209
      ],
      "type": "SUN"
    },
    "rim_light": {
      "energy": 4.0,
      "rotation": [
        -0.785398006439209,
        0.0,
        -3.926990032196045
      ],
      "type": "SUN"
    }
  },
  "linked_files": [],
  "material_count": 1,
  "mesh_count": 1,
  "missing_textures": {
    "count": 0,
    "file_path_to_color": {},
    "files": []
  },
  "object_count": 4,
  "poly_count": 261,
  "random_color": [
    0.6138320867062464,
    0.17532449392361615,
    0.3793029966576015,
    1
  ],
  "scene_size": {
    "bbox_max": [
      0.5130000114440918,
      1.4947999715805054,
      0.5130000710487366
    ],
    "bbox_min": [
      -0.5128999948501587,
      -0.45670002698898315,
      -0.5129001140594482
    ]
  },
  "shape_key_count": 0,
  "vert_count": 240
}