{
  "animation_count": 0,
  "armature_count": 0,
  "edge_count": 25216,
  "file_size": 2091416,
  "lamp_count": 1,
  "lights": {
    "bottom_light": {
      "energy": 2.0,
      "rotation": [
        3.141590118408203,
        0.0,
        0.0
      ],
      "type": "SUN"
    },
    "fill_light": {
      "energy": 3.0,
      "rotation": [
        0.785398006439209,
        0.0,
        2.3561899662017822
      ],
      "type": "SUN"
    },
    "key_light": {
      "energy": 4.0,
      "rotation": [
        0.785398006439209,
        0.0,
        -0.785398006439209
      ],
      "type": "SUN"
    },
    "rim_light": {
      "energy": 4.0,
      "rotation": [
        -0.785398006439209,
        0.0,
        -3.926990032196045
      ],
      "type": "SUN"
    }
  },
  "linked_files": [],
  "material_count": 4,
  "mesh_count": 1,
  "missing_textures": {
    "count": 0,
    "file_path_to_color": {},
    "files": []
  },
  "object_count": 4,
  "poly_count": 12480,
  "random_color": [
    0.9431149032385882,
    0.824103151783915,
    0.9261712996395058,
    1
  ],
  "scene_size": {
    "bbox_max": [
      0.2635430097579956,
      0.2286500483751297,
      0.6490669846534729
    ],
    "bbox_min": [
      -0.26840901374816895,
      -0.15177999436855316,
      -0.005388017278164625
    ]
  },
  "shape_key_count": 0,
  "vert_count": 12740
}