{
  "animation_count": 0,
  "armature_count": 0,
  "edge_count": 912,
  "file_size": 159515,
  "lamp_count": 1,
  "lights": {
    "bottom_light": {
      "energy": 2.0,
      "rotation": [
        3.141590118408203,
        0.0,
        0.0
      ],
      "type": "SUN"
    },
    "fill_light": {
      "energy": 3.0,
      "rotation": [
        0.785398006439209,
        0.0,
        2.3561899662017822
      ],
      "type": "SUN"
    },
    "key_light": {
      "energy": 4.0,
      "rotation": [
        0.785398006439209,
        0.0,
        -0.785398006439209
      ],
      "type": "SUN"
    },
    "rim_light": {
      "energy": 4.0,
      "rotation": [
        -0.785398006439209,
        0.0,
        -3.926990032196045
      ],
      "type": "SUN"
    }
  },
  "linked_files": [],
  "material_count": 0,
  "mesh_count": 1,
  "missing_textures": {
    "count": 0,
    "file_path_to_color": {},
    "files": []
  },
  "object_count": 4,
  "poly_count": 608,
  "random_color": [
    0.8760777315768333,
    0.3746095155938135,
    0.6698380313555121,
    1
  ],
  "scene_size": {
    "bbox_max": [
      4.3944220542907715,
      7.499994277954102,
      104.48954772949219
    ],
    "bbox_min": [
      -4.2695794105529785,
      -7.499999046325684,
      10.429412841796875
    ]
  },
  "shape_key_count": 0,
  "vert_count": 302
}