{
  "animation_count": 0,
  "armature_count": 0,
  "edge_count": 60,
  "file_size": 3100,
  "lamp_count": 1,
  "lights": {
    "bottom_light": {
      "energy": 2.0,
      "rotation": [
        3.141590118408203,
        0.0,
        0.0
      ],
      "type": "SUN"
    },
    "fill_light": {
      "energy": 3.0,
      "rotation": [
        0.785398006439209,
        0.0,
        2.3561899662017822
      ],
      "type": "SUN"
    },
    "key_light": {
      "energy": 4.0,
      "rotation": [
        0.785398006439209,
        0.0,
        -0.785398006439209
      ],
      "type": "SUN"
    },
    "rim_light": {
      "energy": 4.0,
      "rotation": [
        -0.785398006439209,
        0.0,
        -3.926990032196045
      ],
      "type": "SUN"
    }
  },
  "linked_files": [],
  "material_count": 2,
  "mesh_count": 1,
  "missing_textures": {
    "count": 0,
    "file_path_to_color": {},
    "files": []
  },
  "object_count": 4,
  "poly_count": 40,
  "random_color": [
    0.7536959152668631,
    0.14248802757628254,
    0.30052202084996593,
    1
  ],
  "scene_size": {
    "bbox_max": [
      50.000003814697266,
      49.99998474121094,
      49.999996185302734
    ],
    "bbox_min": [
      -50.000003814697266,
      -49.9999885559082,
      -49.9999885559082
    ]
  },
  "shape_key_count": 0,
  "vert_count": 22
}