{
  "animation_count": 0,
  "armature_count": 0,
  "edge_count": 2721,
  "file_size": 90884,
  "lamp_count": 1,
  "lights": {
    "bottom_light": {
      "energy": 2.0,
      "rotation": [
        3.141590118408203,
        0.0,
        0.0
      ],
      "type": "SUN"
    },
    "fill_light": {
      "energy": 3.0,
      "rotation": [
        0.785398006439209,
        0.0,
        2.3561899662017822
      ],
      "type": "SUN"
    },
    "key_light": {
      "energy": 4.0,
      "rotation": [
        0.785398006439209,
        0.0,
        -0.785398006439209
      ],
      "type": "SUN"
    },
    "rim_light": {
      "energy": 4.0,
      "rotation": [
        -0.785398006439209,
        0.0,
        -3.926990032196045
      ],
      "type": "SUN"
    }
  },
  "linked_files": [],
  "material_count": 0,
  "mesh_count": 1,
  "missing_textures": {
    "count": 0,
    "file_path_to_color": {},
    "files": []
  },
  "object_count": 4,
  "poly_count": 1813,
  "random_color": [
    0.7752125017768245,
    0.6614752622712035,
    0.2940595007978911,
    1
  ],
  "scene_size": {
    "bbox_max": [
      61.0,
      25.5,
      7.0
    ],
    "bbox_min": [
      21.0,
      5.5,
      0.0
    ]
  },
  "shape_key_count": 0,
  "vert_count": 904
}