{
  "animation_count": 0,
  "armature_count": 0,
  "edge_count": 1053,
  "file_size": 59363,
  "lamp_count": 1,
  "lights": {
    "bottom_light": {
      "energy": 2.0,
      "rotation": [
        3.141590118408203,
        0.0,
        0.0
      ],
      "type": "SUN"
    },
    "fill_light": {
      "energy": 3.0,
      "rotation": [
        0.785398006439209,
        0.0,
        2.3561899662017822
      ],
      "type": "SUN"
    },
    "key_light": {
      "energy": 4.0,
      "rotation": [
        0.785398006439209,
        0.0,
        -0.785398006439209
      ],
      "type": "SUN"
    },
    "rim_light": {
      "energy": 4.0,
      "rotation": [
        -0.785398006439209,
        0.0,
        -3.926990032196045
      ],
      "type": "SUN"
    }
  },
  "linked_files": [],
  "material_count": 0,
  "mesh_count": 1,
  "missing_textures": {
    "count": 0,
    "file_path_to_color": {},
    "files": []
  },
  "object_count": 4,
  "poly_count": 702,
  "random_color": [
    0.8088750419640884,
    0.30478960584790604,
    0.05144782642641721,
    1
  ],
  "scene_size": {
    "bbox_max": [
      1.8554999828338623,
      1.7711001634597778,
      2.1273000240325928
    ],
    "bbox_min": [
      -1.8712999820709229,
      1.3021999597549438,
      -1.3371433738029737e-07
    ]
  },
  "shape_key_count": 0,
  "vert_count": 359
}