{
  "animation_count": 0,
  "armature_count": 0,
  "edge_count": 639,
  "file_size": 13189,
  "lamp_count": 1,
  "lights": {
    "bottom_light": {
      "energy": 2.0,
      "rotation": [
        3.141590118408203,
        0.0,
        0.0
      ],
      "type": "SUN"
    },
    "fill_light": {
      "energy": 3.0,
      "rotation": [
        0.785398006439209,
        0.0,
        2.3561899662017822
      ],
      "type": "SUN"
    },
    "key_light": {
      "energy": 4.0,
      "rotation": [
        0.785398006439209,
        0.0,
        -0.785398006439209
      ],
      "type": "SUN"
    },
    "rim_light": {
      "energy": 4.0,
      "rotation": [
        -0.785398006439209,
        0.0,
        -3.926990032196045
      ],
      "type": "SUN"
    }
  },
  "linked_files": [],
  "material_count": 0,
  "mesh_count": 5,
  "missing_textures": {
    "count": 0,
    "file_path_to_color": {},
    "files": []
  },
  "object_count": 8,
  "poly_count": 426,
  "random_color": [
    0.016015825706455877,
    0.833832953183889,
    0.6486279990877771,
    1
  ],
  "scene_size": {
    "bbox_max": [
      1.0650609731674194,
      3.0125131607055664,
      2.8078179359436035
    ],
    "bbox_min": [
      -0.9868249893188477,
      -3.0060529708862305,
      -3.320530891418457
    ]
  },
  "shape_key_count": 0,
  "vert_count": 223
}