{
  "animation_count": 0,
  "armature_count": 0,
  "edge_count": 31572,
  "file_size": 1052484,
  "lamp_count": 1,
  "lights": {
    "bottom_light": {
      "energy": 2.0,
      "rotation": [
        3.141590118408203,
        0.0,
        0.0
      ],
      "type": "SUN"
    },
    "fill_light": {
      "energy": 3.0,
      "rotation": [
        0.785398006439209,
        0.0,
        2.3561899662017822
      ],
      "type": "SUN"
    },
    "key_light": {
      "energy": 4.0,
      "rotation": [
        0.785398006439209,
        0.0,
        -0.785398006439209
      ],
      "type": "SUN"
    },
    "rim_light": {
      "energy": 4.0,
      "rotation": [
        -0.785398006439209,
        0.0,
        -3.926990032196045
      ],
      "type": "SUN"
    }
  },
  "linked_files": [],
  "material_count": 0,
  "mesh_count": 1,
  "missing_textures": {
    "count": 0,
    "file_path_to_color": {},
    "files": []
  },
  "object_count": 4,
  "poly_count": 21048,
  "random_color": [
    0.301840432933287,
    0.019148058339599094,
    0.9714460257372842,
    1
  ],
  "scene_size": {
    "bbox_max": [
      30.0,
      36.0,
      8.0
    ],
    "bbox_min": [
      -30.000011444091797,
      -30.0,
      -2.000000238418579
    ]
  },
  "shape_key_count": 0,
  "vert_count": 10518
}