{
  "animation_count": 0,
  "armature_count": 0,
  "edge_count": 2718,
  "file_size": 90684,
  "lamp_count": 1,
  "lights": {
    "bottom_light": {
      "energy": 2.0,
      "rotation": [
        3.141590118408203,
        0.0,
        0.0
      ],
      "type": "SUN"
    },
    "fill_light": {
      "energy": 3.0,
      "rotation": [
        0.785398006439209,
        0.0,
        2.3561899662017822
      ],
      "type": "SUN"
    },
    "key_light": {
      "energy": 4.0,
      "rotation": [
        0.785398006439209,
        0.0,
        -0.785398006439209
      ],
      "type": "SUN"
    },
    "rim_light": {
      "energy": 4.0,
      "rotation": [
        -0.785398006439209,
        0.0,
        -3.926990032196045
      ],
      "type": "SUN"
    }
  },
  "linked_files": [],
  "material_count": 0,
  "mesh_count": 1,
  "missing_textures": {
    "count": 0,
    "file_path_to_color": {},
    "files": []
  },
  "object_count": 4,
  "poly_count": 1812,
  "random_color": [
    0.19264566322190713,
    0.6542593222104485,
    0.39212596275709544,
    1
  ],
  "scene_size": {
    "bbox_max": [
      86.68000030517578,
      86.68000030517578,
      7.400000095367432
    ],
    "bbox_min": [
      0.0,
      0.0,
      0.0
    ]
  },
  "shape_key_count": 0,
  "vert_count": 908
}