{
  "animation_count": 0,
  "armature_count": 0,
  "edge_count": 14343,
  "file_size": 478184,
  "lamp_count": 1,
  "lights": {
    "bottom_light": {
      "energy": 2.0,
      "rotation": [
        3.141590118408203,
        0.0,
        0.0
      ],
      "type": "SUN"
    },
    "fill_light": {
      "energy": 3.0,
      "rotation": [
        0.785398006439209,
        0.0,
        2.3561899662017822
      ],
      "type": "SUN"
    },
    "key_light": {
      "energy": 4.0,
      "rotation": [
        0.785398006439209,
        0.0,
        -0.785398006439209
      ],
      "type": "SUN"
    },
    "rim_light": {
      "energy": 4.0,
      "rotation": [
        -0.785398006439209,
        0.0,
        -3.926990032196045
      ],
      "type": "SUN"
    }
  },
  "linked_files": [],
  "material_count": 0,
  "mesh_count": 1,
  "missing_textures": {
    "count": 0,
    "file_path_to_color": {},
    "files": []
  },
  "object_count": 4,
  "poly_count": 9562,
  "random_color": [
    0.7698530121230447,
    0.1573887244932224,
    0.17674527166400078,
    1
  ],
  "scene_size": {
    "bbox_max": [
      -73.37298583984375,
      9.995049476623535,
      26.58306884765625
    ],
    "bbox_min": [
      -103.42414855957031,
      0.0,
      -3.468097448348999
    ]
  },
  "shape_key_count": 0,
  "vert_count": 4779
}