{
  "animation_count": 0,
  "armature_count": 0,
  "edge_count": 36126,
  "file_size": 783513,
  "lamp_count": 1,
  "lights": {
    "bottom_light": {
      "energy": 2.0,
      "rotation": [
        3.141590118408203,
        0.0,
        0.0
      ],
      "type": "SUN"
    },
    "fill_light": {
      "energy": 3.0,
      "rotation": [
        0.785398006439209,
        0.0,
        2.3561899662017822
      ],
      "type": "SUN"
    },
    "key_light": {
      "energy": 4.0,
      "rotation": [
        0.785398006439209,
        0.0,
        -0.785398006439209
      ],
      "type": "SUN"
    },
    "rim_light": {
      "energy": 4.0,
      "rotation": [
        -0.785398006439209,
        0.0,
        -3.926990032196045
      ],
      "type": "SUN"
    }
  },
  "linked_files": [],
  "material_count": 0,
  "mesh_count": 1,
  "missing_textures": {
    "count": 0,
    "file_path_to_color": {},
    "files": []
  },
  "object_count": 4,
  "poly_count": 24084,
  "random_color": null,
  "scene_size": {
    "bbox_max": [
      0.8605819940567017,
      0.9994130730628967,
      1.001211166381836
    ],
    "bbox_min": [
      -0.4343219995498657,
      -0.9972640872001648,
      -0.9965280890464783
    ]
  },
  "shape_key_count": 0,
  "vert_count": 12042
}