{
  "animation_count": 0,
  "armature_count": 0,
  "edge_count": 3985,
  "file_size": 132384,
  "lamp_count": 1,
  "lights": {
    "bottom_light": {
      "energy": 2.0,
      "rotation": [
        3.141590118408203,
        0.0,
        0.0
      ],
      "type": "SUN"
    },
    "fill_light": {
      "energy": 3.0,
      "rotation": [
        0.785398006439209,
        0.0,
        2.3561899662017822
      ],
      "type": "SUN"
    },
    "key_light": {
      "energy": 4.0,
      "rotation": [
        0.785398006439209,
        0.0,
        -0.785398006439209
      ],
      "type": "SUN"
    },
    "rim_light": {
      "energy": 4.0,
      "rotation": [
        -0.785398006439209,
        0.0,
        -3.926990032196045
      ],
      "type": "SUN"
    }
  },
  "linked_files": [],
  "material_count": 0,
  "mesh_count": 1,
  "missing_textures": {
    "count": 0,
    "file_path_to_color": {},
    "files": []
  },
  "object_count": 4,
  "poly_count": 2646,
  "random_color": [
    0.7788663789121677,
    0.12925609611628708,
    0.5670675089396323,
    1
  ],
  "scene_size": {
    "bbox_max": [
      -2.38418573772492e-09,
      0.03150000050663948,
      0.03150002658367157
    ],
    "bbox_min": [
      -0.13099998235702515,
      -0.03150000050663948,
      -0.03150005638599396
    ]
  },
  "shape_key_count": 0,
  "vert_count": 1319
}