{
  "animation_count": 0,
  "armature_count": 0,
  "edge_count": 28733,
  "file_size": 820626,
  "lamp_count": 1,
  "lights": {
    "bottom_light": {
      "energy": 2.0,
      "rotation": [
        3.141590118408203,
        0.0,
        0.0
      ],
      "type": "SUN"
    },
    "fill_light": {
      "energy": 3.0,
      "rotation": [
        0.785398006439209,
        0.0,
        2.3561899662017822
      ],
      "type": "SUN"
    },
    "key_light": {
      "energy": 4.0,
      "rotation": [
        0.785398006439209,
        0.0,
        -0.785398006439209
      ],
      "type": "SUN"
    },
    "rim_light": {
      "energy": 4.0,
      "rotation": [
        -0.785398006439209,
        0.0,
        -3.926990032196045
      ],
      "type": "SUN"
    }
  },
  "linked_files": [],
  "material_count": 0,
  "mesh_count": 1,
  "missing_textures": {
    "count": 0,
    "file_path_to_color": {},
    "files": []
  },
  "object_count": 4,
  "poly_count": 18926,
  "random_color": [
    0.6180465788174196,
    0.6687987351883056,
    0.46248794081670186,
    1
  ],
  "scene_size": {
    "bbox_max": [
      1.5454423427581787,
      0.7572721838951111,
      0.9320384860038757
    ],
    "bbox_min": [
      -1.3346432447433472,
      -0.9651098847389221,
      -0.9023224711418152
    ]
  },
  "shape_key_count": 0,
  "vert_count": 9808
}